{
  "Buy Time": 93.64687037467957,
  "profit": -3.875081483084692e-05,
  "Sell Time": 0
}